
#drop database EagleConnect; 

#CREATE DATABASE EagleConnect; 
USE EagleConnect; 

SET FOREIGN_KEY_CHECKS = 0;
DROP TABLE If EXISTS Roles;
DROP TABLE IF EXISTS Majors;
DROP TABLE IF EXISTS Departments;
DROP TABLE IF EXISTS Connections;
DROP TABLE IF EXISTS Posts;
DROP TABLE IF EXISTS Student_Alumni;
DROP TABLE IF EXISTS Faculty;
DROP TABLE IF EXISTS UserRoles;
DROP TABLE IF EXISTS AuthCredentials;
DROP TABLE IF EXISTS Users;

Create Table Roles (
	role_id int(3) primary key,
    role_name varchar(50) unique not null
    );
    
INSERT INTO Roles (role_id, role_name) 
VALUES
  (1, 'student'),
  (2, 'faculty'),
  (3, 'alumni'),
  (4, 'mentor');
  
Create Table Majors (
	major_id int(3) primary key,
    major_name varchar(100) unique not null
    );
    
INSERT INTO Majors (major_id, major_name) 
VALUES
  (1, 'Accounting'),
  (2, 'Biology'),
  (3, 'Business Administration'),
  (4, 'Chemistry'),
  (5, 'Communications'),
  (6, 'Computer Information Systems'),
  (7, 'Computer Science'),
  (8, 'Cybersecurity'),
  (9, 'Data Analytics'),
  (10, 'Education'),
  (11, 'Electrical Engineering'),
  (12, 'Finance'),
  (13, 'History'),
  (14, 'Marketing'),
  (15, 'Mathematics'),
  (16, 'Mechanical Engineering'),
  (17, 'Nursing'),
  (18, 'Physics'),
  (19, 'Psychology'),
  (20, 'Sociology');

Create Table Departments (
	department_id int(5) primary key,
    department_name varchar(100) unique not null
    );
    
INSERT INTO Departments (department_id, department_name) 
VALUES
  (1, 'Accounting'),
  (2, 'Business'),
  (3, 'Chemistry'),
  (4, 'Communications'),
  (5, 'Computer Science'),
  (6, 'Education'),
  (7, 'Electrical Engineering'),
  (8, 'Finance'),
  (9, 'History'),
  (10, 'Mathematics'),
  (11, 'Mechanical Engineering'),
  (12, 'Physics'),
  (13, 'Psychology'),
  (14, 'Sociology');

Create Table Users
( 
	user_id Varchar(15) Primary Key, 
    first_name varchar(100) NOT NULL,
    last_name varchar(100) NOT NULL,
    user_created_at Timestamp not null
    ); 

INSERT INTO Users (user_id, first_name, last_name, user_created_at) 
VALUES  
 ('A101', 'Peyton', 'Johnson', '2024-10-02 19:58:00'),
  ('A102', 'Riley', 'Thomas', '2024-09-04 05:41:38'),
  ('A103', 'Liam', 'Garcia', '2021-12-21 15:40:53'),
  ('A104', 'Noah', 'Sanchez', '2021-11-10 01:54:52'),
  ('A105', 'Harper', 'Thomas', '2022-03-27 13:50:02'),
  ('A106', 'Isabella', 'Garcia', '2022-05-18 09:48:47'),
  ('A107', 'Casey', 'Williams', '2022-03-20 21:48:34'),
  ('A108', 'Ava', 'Brown', '2025-02-23 08:47:10'),
  ('A109', 'Noah', 'Lewis', '2022-04-20 04:34:34'),
  ('A110', 'Olivia', 'Lewis', '2023-12-21 08:59:43'),
  ('A111', 'Cameron', 'Ramirez', '2024-08-29 03:07:12'),
  ('A112', 'Ava', 'White', '2024-12-14 00:06:49'),
  ('A113', 'Taylor', 'Garcia', '2023-02-10 00:48:41'),
  ('A114', 'Drew', 'Perez', '2024-10-18 09:47:05'),
  ('A115', 'Riley', 'Martinez', '2024-07-21 09:24:19'),
  ('A116', 'Ava', 'Taylor', '2023-12-31 19:48:03'),
  ('A117', 'Sophia', 'Lewis', '2025-09-02 00:34:43'),
  ('A118', 'Liam', 'Moore', '2024-02-28 09:41:39'),
  ('A119', 'Kai', 'Miller', '2021-11-23 14:06:28'),
  ('A120', 'Taylor', 'Lee', '2023-10-16 11:06:23'),
  ('A121', 'Benjamin', 'Lee', '2024-09-12 08:30:22'),
  ('A122', 'Charlotte', 'Jones', '2024-06-19 06:16:01'),
  ('A123', 'Kai', 'Wilson', '2022-06-16 20:36:18'),
  ('A124', 'Charlotte', 'Lewis', '2024-08-03 06:43:34'),
  ('A125', 'Henry', 'Lewis', '2025-05-22 19:01:51'),
  ('F101', 'Lucas', 'Jones', '2023-12-12 04:53:43'),
  ('F102', 'Logan', 'Hernandez', '2024-10-16 02:50:03'),
  ('F103', 'Logan', 'Wilson', '2024-10-30 08:07:34'),
  ('F104', 'Ethan', 'Johnson', '2021-12-01 08:19:19'),
  ('F105', 'Reese', 'Smith', '2025-01-12 18:46:01'),
  ('F106', 'Quinn', 'Jones', '2025-04-17 18:24:31'),
  ('F107', 'Skyler', 'Lewis', '2025-06-06 13:05:10'),
  ('F108', 'Sophia', 'Clark', '2023-03-19 13:47:27'),
  ('F109', 'Daniel', 'Martin', '2023-05-13 11:56:25'),
  ('F110', 'Elijah', 'Davis', '2022-07-17 00:54:39'),
  ('F111', 'Emma', 'Rodriguez', '2022-09-29 06:11:19'),
  ('F112', 'Quinn', 'Garcia', '2024-06-24 22:14:31'),
  ('F113', 'Noah', 'Robinson', '2021-10-14 06:23:53'),
  ('F114', 'Henry', 'Jones', '2025-05-25 10:43:58'),
  ('F115', 'Quinn', 'Smith', '2023-11-25 17:02:02'),
  ('F116', 'Peyton', 'Jackson', '2023-06-29 21:51:58'),
  ('F117', 'Mason', 'Martinez', '2021-09-29 22:44:29'),
  ('F118', 'Daniel', 'Sanchez', '2025-09-13 22:20:46'),
  ('F119', 'Henry', 'Johnson', '2024-12-03 07:08:42'),
  ('F120', 'Casey', 'Davis', '2023-10-31 02:56:28'),
  ('F121', 'Finley', 'Miller', '2023-05-12 13:08:46'),
  ('F122', 'Amelia', 'Lewis', '2024-06-13 13:16:49'),
  ('F123', 'Casey', 'Sanchez', '2025-04-16 23:17:06'),
  ('F124', 'Mason', 'Martin', '2023-11-09 11:43:07'),
  ('F125', 'Ava', 'Thompson', '2022-07-04 23:11:23'),
  ('S1001', 'Mason', 'Martin', '2023-08-11 03:28:45'),
  ('S1002', 'Michael', 'Perez', '2022-02-27 13:35:07'),
  ('S1003', 'Logan', 'Lopez', '2023-03-12 22:55:23'),
  ('S1004', 'Cameron', 'Smith', '2025-03-27 22:49:49'),
  ('S1005', 'Henry', 'Taylor', '2024-01-13 01:34:19'),
  ('S1006', 'Liam', 'Rodriguez', '2022-03-27 05:22:16'),
  ('S1007', 'Isabella', 'Hernandez', '2023-12-04 08:35:28'),
  ('S1008', 'Henry', 'Sanchez', '2024-09-13 23:10:26'),
  ('S1009', 'Mia', 'Thompson', '2024-12-05 20:08:36'),
  ('S1010', 'Harper', 'Rodriguez', '2021-11-01 03:58:21'),
  ('S1011', 'Liam', 'Thompson', '2025-06-18 22:41:46'),
  ('S1012', 'Mason', 'Sanchez', '2023-03-20 05:34:52'),
  ('S1013', 'Mia', 'Harris', '2025-01-23 14:02:39'),
  ('S1014', 'Kai', 'Hernandez', '2025-06-18 15:00:44'),
  ('S1015', 'Mason', 'Lee', '2024-05-31 04:27:18'),
  ('S1016', 'Reese', 'Lee', '2024-07-05 11:42:36'),
  ('S1017', 'Casey', 'Jackson', '2022-02-17 07:47:30'),
  ('S1018', 'Daniel', 'Gonzalez', '2022-04-07 21:42:54'),
  ('S1019', 'Avery', 'Hernandez', '2023-07-25 03:48:00'),
  ('S1020', 'Amelia', 'Lee', '2023-09-13 18:51:12'),
  ('S1021', 'Avery', 'Miller', '2025-03-31 22:37:01'),
  ('S1022', 'Quinn', 'Martinez', '2022-11-06 15:04:50'),
  ('S1023', 'Elliot', 'Harris', '2022-01-18 10:11:24'),
  ('S1024', 'Jordan', 'Anderson', '2022-06-01 06:26:11'),
  ('S1025', 'Jamie', 'Martin', '2021-10-07 08:32:52'),
  ('S1026', 'Henry', 'Rodriguez', '2024-12-20 10:06:43'),
  ('S1027', 'Logan', 'Clark', '2025-03-11 04:32:06'),
  ('S1028', 'Liam', 'Anderson', '2023-09-15 16:53:48'),
  ('S1029', 'Rowan', 'Wilson', '2023-10-15 17:26:23'),
  ('S1030', 'Cameron', 'Lee', '2024-12-20 19:32:12'),
  ('S1031', 'Jamie', 'Ramirez', '2024-01-01 10:40:39'),
  ('S1032', 'Riley', 'Thompson', '2023-10-15 14:48:42'),
  ('S1033', 'Avery', 'Thomas', '2024-12-18 19:50:36'),
  ('S1034', 'Casey', 'Taylor', '2022-04-05 03:05:44'),
  ('S1035', 'Riley', 'Lewis', '2024-02-27 19:43:57'),
  ('S1036', 'Harper', 'Moore', '2024-07-24 00:21:06'),
  ('S1037', 'Olivia', 'Martinez', '2025-04-24 23:58:05'),
  ('S1038', 'Liam', 'Robinson', '2025-04-21 18:35:41'),
  ('S1039', 'Alex', 'Rodriguez', '2023-05-04 04:33:21'),
  ('S1040', 'Benjamin', 'Moore', '2022-06-03 20:06:30'),
  ('S1041', 'Kai', 'Thompson', '2022-01-09 12:48:26'),
  ('S1042', 'Alex', 'Thompson', '2025-01-01 09:25:01'),
  ('S1043', 'Taylor', 'Hernandez', '2022-11-28 22:33:46'),
  ('S1044', 'Liam', 'Garcia', '2025-08-23 10:17:55'),
  ('S1045', 'Charlotte', 'Lopez', '2024-06-15 07:29:09'),
  ('S1046', 'Ava', 'Robinson', '2022-10-27 17:31:49'),
  ('S1047', 'Casey', 'Lewis', '2024-01-03 20:31:48'),
  ('S1048', 'Mia', 'Lopez', '2023-06-01 18:19:55'),
  ('S1049', 'Benjamin', 'Lopez', '2022-09-28 10:31:51'),
  ('S1050', 'Amelia', 'Johnson', '2025-03-27 22:03:26');
  
Create Table AuthCredentials
( 
	user_id Varchar(15) Primary Key, 
    username Varchar(100) NOT NULL,
    user_email Varchar(100) NOT NULL,
    password_hash Varchar(255) NOT NULL,
    is_active Tinyint(1) not null default 1,
    Constraint fk_auth_user Foreign key (user_id)
    ReferenceS Users(user_id) On delete cascade,
  Constraint uq_auth_username Unique (username),
  Constraint uq_auth_email Unique (user_email)
    );
     
INSERT INTO AuthCredentials (user_id, username, user_email, password_hash, is_active)
VALUES
('A101', 'pjohnson', 'pjohnson@eagle.usi.edu', 'sha256$030e45827a8c22e290f423796eb71a98$d4d8b5602cf066595ff7f3ae4bd0a5256351578924fbe87b8d2112a40578f9e1', TRUE),
  ('A102', 'rthomas', 'rthomas@eagle.usi.edu', 'sha256$77635ec9202b1781377a386a364977dc$af8a20abb14f0c1193e047e2323f1997104dbe7b48e7dd650b5f33d7f9dcff20', TRUE),
  ('A103', 'lgarcia2', 'lgarcia2@eagle.usi.edu', 'sha256$cf600912e45a38e99e32f1999ef21eed$40346e9df24401fd083f651321d2e2e7a9916c4cf540fae5683802c5c7c5c40b', TRUE),
  ('A104', 'nsanchez', 'nsanchez@eagle.usi.edu', 'sha256$31970b30b801305db755926243706fba$f4e3ac19ac4d69c2c247066feed5e67159ab16df3be1f73686a64377b0f9cdfb', TRUE),
  ('A105', 'hthomas', 'hthomas@eagle.usi.edu', 'sha256$a6402dd425fbee94ba1da01d5182d98a$b27270d96776e19c8d23568100cceb751753c7979739884404bead98e8e5b84a', TRUE),
  ('A106', 'igarcia', 'igarcia@eagle.usi.edu', 'sha256$e7752622d4a7e3d695cc0696ce81974d$61e504032bad2187a7db645e41c33bdd7aa37258a846e1a57a71354827f72f9e', TRUE),
  ('A107', 'cwilliams', 'cwilliams@eagle.usi.edu', 'sha256$45a7c20bb1a9f1ab7275d14fe871c502$bfc16f3cecaedb751c6ba8c3f5b2c3f7585d3b9cac9f917998f52553f309935c', TRUE),
  ('A108', 'abrown', 'abrown@eagle.usi.edu', 'sha256$3ab8f825d53260cc3b6eca97f4991182$e5c3eba4774714c06d1b9e6cf15f5b8b49cc19cfe63d164bc8238188aefb73a5', TRUE),
  ('A109', 'nlewis', 'nlewis@eagle.usi.edu', 'sha256$2785e5e808d362ec03e4e953f9b96475$1247b548ad898f444ece62181c682983f0b2f4b4c632addadad37ba96dbd6fe7', TRUE),
  ('A110', 'olewis', 'olewis@eagle.usi.edu', 'sha256$ccff430bca4790d05df9e5923624d4bb$2120e8469cc7940a8986d3bac4397170b80bf63408bdc9f1fe9e2d7379e846ad', TRUE),
  ('A111', 'cramirez', 'cramirez@eagle.usi.edu', 'sha256$851d0cb9e7087b71e8e1a71ccb37f39f$4e34f23f0a1a2e523596496fef799d9300ac57c23f3e5acaf99b5e9ef12c59a7', TRUE),
  ('A112', 'awhite', 'awhite@eagle.usi.edu', 'sha256$c87e69b571c0f201db5db4b6ee8f25b4$e2f0702704ee38fc8f958cce38a4b2306ebbf794c51f484c6a4556f44d258038', TRUE),
  ('A113', 'tgarcia', 'tgarcia@eagle.usi.edu', 'sha256$95c4a6845f9bb1f771f82e0f9379f8e5$dcf664bc0121cd5114921199b7efb278d076a69cdd85feb5eaa1d3f267d190dd', TRUE),
  ('A114', 'dperez', 'dperez@eagle.usi.edu', 'sha256$010d567d3994f389c0f23461213cd4bd$4ed42484ec4da80a8df76440823a8f0acc42b5ac32c6d90843bd502987fc4c11', TRUE),
  ('A115', 'rmartinez', 'rmartinez@eagle.usi.edu', 'sha256$a706817d66b9f6de33f1a1df31888d34$b7edf8bd78af2ed5d2cd5bec9f6fb2fe03eb587a56425fc2362de9e177254235', TRUE),
  ('A116', 'ataylor', 'ataylor@eagle.usi.edu', 'sha256$a676407f5d9a7d63044c924da899431a$ddb54e5730009328a92280289c71cdd487f3eaaa6ab9b9b437a033b2bf594ec5', TRUE),
  ('A117', 'slewis2', 'slewis2@eagle.usi.edu', 'sha256$a42264db85c70867290e567418bca487$5c9d335d935d1c877c7b3465e01106d2df4b6d4bd8678268399a43c263c5faad', TRUE),
  ('A118', 'lmoore', 'lmoore@eagle.usi.edu', 'sha256$f09e03a73b9f1b73ab99eda9751c1fb7$4f55a625113a528d14c776cddb2bf346c9896aa219132ead7c080ef9bba28dd5', TRUE),
  ('A119', 'kmiller', 'kmiller@eagle.usi.edu', 'sha256$b0c279a311beecc4e6a81d4bfee1ffb9$36ad650aa6a43c4caa4731d784f8d35dedc17da005240d5065e71760caf64ca6', TRUE),
  ('A120', 'tlee', 'tlee@eagle.usi.edu', 'sha256$9ae2909220be86a987923e1a2bd0d63b$f0b7f37c86919431bbf5f177b238d8ebcc1eb345d38848257de4dba2ab3b0294', TRUE),
  ('A121', 'blee', 'blee@eagle.usi.edu', 'sha256$2632140f447c4628505e5a6262996c66$5d853a7fb539490f9c9bf2bad6d267ba364ee0c8534096933a9e987ab78b3229', TRUE),
  ('A122', 'cjones', 'cjones@eagle.usi.edu', 'sha256$3c0fa32fa62b421031d4ec978ac7661f$8de4102cdd8d40c0eca88c2970268b546aa64c93878ecb611a3a6ab9dba4dd9e', TRUE),
  ('A123', 'kwilson', 'kwilson@eagle.usi.edu', 'sha256$c0b941ae2ff4f172b1a0012c0c86a571$7c90eb01968d3ae2d6decbabf726d5ce45368986335de1f2c6d0623815789e11', TRUE),
  ('A124', 'clewis2', 'clewis2@eagle.usi.edu', 'sha256$74353ddfe3d314a815820c6e2dfddb71$155809c58c0543528b580103c418cde2cf6b1cf1ffad0817e57aaef43de8bdbd', TRUE),
  ('A125', 'hlewis', 'hlewis@eagle.usi.edu', 'sha256$ec9468769c02cbb8433df4e2ed09f784$003f0bad9849c04d9f5964a58e4341d18de3a72bd6326cf6daf0a84a6f8d7904', TRUE),
  ('F101', 'ljones', 'ljones@eagle.usi.edu', 'sha256$74a483bea23687430162d74676c048bf$fe7e0b5209dafd70e497b272dc264ce3456b8702fbd19265f4c39f09658f3915', TRUE),
  ('F102', 'lhernandez', 'lhernandez@eagle.usi.edu', 'sha256$ae4ba3fe935ed9f7d9517b56bd2d920f$5dbdc73895409b08e6fe7cc00ba357a6ccc9f5e871491f14cee05fa72f466a48', TRUE),
  ('F103', 'lwilson', 'lwilson@eagle.usi.edu', 'sha256$053326bfe078bcab4fe48914df57283d$a4c056671bcd0d06864b2567a3bc855455d20678612f22eb0c6621c7bbcaa059', TRUE),
  ('F104', 'ejohnson', 'ejohnson@eagle.usi.edu', 'sha256$285c40741ce0150a2a12683feea32edf$eddd9798c9bcdbae0b8f464ee75aa6e6786f4b7f520a55c70788ae29b26ee4d4', TRUE),
  ('F105', 'rsmith', 'rsmith@eagle.usi.edu', 'sha256$3503e6873f7e7e71a4f729b444bf484c$efe3bebd00b6d647539ff437f64ae26ea61d39da0b942625b561a2aee4a500a6', TRUE),
  ('F106', 'qjones', 'qjones@eagle.usi.edu', 'sha256$a3650f3630f5a0dbbfbcd9838649d926$9662f01446c70e7d0229942f190018d3a401b9888a48abffefdedf8c2c371263', TRUE),
  ('F107', 'slewis', 'slewis@eagle.usi.edu', 'sha256$352f00f2ae69a23f2d8322feca5194e8$c2b52b038e1056bb3f61d70c1f58bb5b425810b99e0d6cb5aab821f212acb3b9', TRUE),
  ('F108', 'sclark', 'sclark@eagle.usi.edu', 'sha256$c62c1c55ce43edb3381f7bc9451d1660$5fb73eaf90420fc7b227218c7ce7301084c61f884de56246940ee43ce8a08007', TRUE),
  ('F109', 'dmartin', 'dmartin@eagle.usi.edu', 'sha256$c3a0a9d29de2d1ac557e05e61d48cc47$65d864c016d740e76cdcfb9c9a12b5903db854729150284bd7fce6e9bca3772f', TRUE),
  ('F110', 'edavis', 'edavis@eagle.usi.edu', 'sha256$8def0cd71239543c75e3fdb4c260b52f$7e00af4ac511d0a28df835f71cf033d9bfd8896e120e6b40f89d2b0ec09d2954', TRUE),
  ('F111', 'erodriguez', 'erodriguez@eagle.usi.edu', 'sha256$d7b674db5d1ce5548a8f3aec56de4fc5$49f1e2e07df3789d14fdd3d565277d70a2813654a28fcaae077898f9c678ba3e', TRUE),
  ('F112', 'qgarcia', 'qgarcia@eagle.usi.edu', 'sha256$c1757c403de83afc66e25bffe7bb127b$299d04b65cbeb3fefdd6fe87328ea520c1c1d2c51651aa014aab0f2be671258a', TRUE),
  ('F113', 'nrobinson', 'nrobinson@eagle.usi.edu', 'sha256$326f2642a641ed2bd25d4bb8641e31cd$da6646cb006518082f834c611ddc004f509130d7190bc634d9ae75abf5a86c02', TRUE),
  ('F114', 'hjones', 'hjones@eagle.usi.edu', 'sha256$41dc15cf3f35c0152ff31a249f221fdd$ef4106e5cad697533dddf9eb0d070b2d72f1cfdb35c76366a8d7987dce7e719a', TRUE),
  ('F115', 'qsmith', 'qsmith@eagle.usi.edu', 'sha256$5a89217f3abda67c86f74b3788c3d33f$b47c9c394b399a6d05f48ec9e2a0cb15a110062ed668a1f9d41923eb615c3bf9', TRUE),
  ('F116', 'pjackson', 'pjackson@eagle.usi.edu', 'sha256$51cbd07ee15637416624f127fd5f2a12$1fc81bc09fcaa3bc2d51a24f9dbab44e670b8bd1f1c0d85e13931d6f93c7352b', TRUE),
  ('F117', 'mmartinez', 'mmartinez@eagle.usi.edu', 'sha256$12beff110e80fdeea39ed80885898c11$9c8601bde7bcdbf742c797169f38ffcdd3223e78483ff7d4159b8d2b3e3a7e77', TRUE),
  ('F118', 'dsanchez', 'dsanchez@eagle.usi.edu', 'sha256$f8435076be99de1e9f7fc0f0f43e6d9d$7bb35bef6cd96f24e639e01f1c985c929bc2ea9edb68baa238b44fb79e044f5d', TRUE),
  ('F119', 'hjohnson', 'hjohnson@eagle.usi.edu', 'sha256$7f3a7802e1e822c3411901b7e702e657$69b206df02e33f3929705c3e0fd356d631bd2061f12f3810656d3620082d87df', TRUE),
  ('F120', 'cdavis', 'cdavis@eagle.usi.edu', 'sha256$ee502f40c0a173ef92866ab37484729b$f420f7a2d9708d77928f78a65c0422a04899f10ea162adfefaa8e32d46ddd3fc', TRUE),
  ('F121', 'fmiller', 'fmiller@eagle.usi.edu', 'sha256$85890ec0434d4b867d96d05590d99b3a$787804bca55f6477860d3f9acbc210e6e37542368062e2013e44d0cac8497e44', TRUE),
  ('F122', 'alewis', 'alewis@eagle.usi.edu', 'sha256$3294a03f0101bd7b3eab87bc71c00527$22218ea947a4f690f608c8dd105dfd21225af444544baf5bdbd9ad124081d629', TRUE),
  ('F123', 'csanchez', 'csanchez@eagle.usi.edu', 'sha256$27b7adda01e311f795c24c78070afbc1$049388937d4b90ee0c606614f0e03d3d799d5ff0a0e742bf5193159046f49e34', TRUE),
  ('F124', 'mmartin2', 'mmartin2@eagle.usi.edu', 'sha256$e7122a1ce67d368cd591594b51dac072$1cca5ddef97bd224ba957f520ffe1c35833d36a2b856448533fb57943fa68c9a', TRUE),
  ('F125', 'athompson2', 'athompson2@eagle.usi.edu', 'sha256$36e249a4784df9afb171e710cdb4ca24$283de94cc5e766b6c11052cbe4a8c74567c5a1286a4bb26eb38bbd557e92e27f', TRUE),
  ('S1001', 'mmartin', 'mmartin@eagle.usi.edu', 'sha256$9512c73028cc64ea093d533c76213010$1d6167b63286e241947099663cefe1838769738410a642389e0661e6df6a104f', TRUE),
  ('S1002', 'mperez', 'mperez@eagle.usi.edu', 'sha256$4dd35ce005220d15da00c405e630b17e$9bedec33631d9f6f29bbe4f83b8f9074759ce1971a72608fd7d417d9329e14cb', TRUE),
  ('S1003', 'llopez', 'llopez@eagle.usi.edu', 'sha256$4604e6cd4782c94b170d90cc0195b640$988b27fe283bf81c3e4d28151c603b8614b8dd92aef40e1384af16b45f73af65', TRUE),
  ('S1004', 'csmith', 'csmith@eagle.usi.edu', 'sha256$64c75f832f0dfe03cf8653d21d42b7e7$e5793bc1fb5345a99d6fe24babbe784b5dcef1f4719c89f6d47acc98ea6be38a', TRUE),
  ('S1005', 'htaylor', 'htaylor@eagle.usi.edu', 'sha256$9534afea5fb74087e35781f687692c88$2dd92fbc433baa6454d41298982c15292a03262f0b324d51a41af292cf6986fb', TRUE),
  ('S1006', 'lrodriguez', 'lrodriguez@eagle.usi.edu', 'sha256$68aecd9cb34dd60bddc4154e2944c3e4$fcec42baeb2446f4b64784874f3a9ee818c16a7c7ea3e6f6adddfb301e2fac2d', TRUE),
  ('S1007', 'ihernandez', 'ihernandez@eagle.usi.edu', 'sha256$da5efaca9a292d3ef24380f510228821$6170cb003bca8df07785e117de2867bddde47c59e62a0035abd25c54b6042b86', TRUE),
  ('S1008', 'hsanchez', 'hsanchez@eagle.usi.edu', 'sha256$1ddd937e7fefccf844ccdf8fe12eef70$a527f567d06d70699ceb97fee1a8a7e9d86a546863b891a0b618e702af2d90f6', TRUE),
  ('S1009', 'mthompson', 'mthompson@eagle.usi.edu', 'sha256$31e72b75978166e41394b4b293f62da1$7a6ddeb5ecd46a86569587367da4e48dc221da3b3e7064cdcd076e9f4323956f', TRUE),
  ('S1010', 'hrodriguez', 'hrodriguez@eagle.usi.edu', 'sha256$c9778de61b73258a5e76a09ba9cbc25d$679ab87435f0a1318498c00717da65edf89141706723d8d752d2e26c9a8b31ff', TRUE),
  ('S1011', 'lthompson', 'lthompson@eagle.usi.edu', 'sha256$8ae92aa78a45e4b2ac95eec462763f62$0e1298ed5ecfd6afda6a3d24a8eadd7d7ad2fb43f3d970445086194056e3aeab', TRUE),
  ('S1012', 'msanchez', 'msanchez@eagle.usi.edu', 'sha256$aff83369191244efce92848176c8002b$70d95a138439c86804b46dc7bb93650b86afc6fa3bada45b14cbd1a24df3992f', TRUE),
  ('S1013', 'mharris', 'mharris@eagle.usi.edu', 'sha256$2f7cea0bc14a7f8b3b35525f92f9c445$4bc4a98ae378dec63edd67b4b643bed370d88259598f9f26a202b2a6a26db59d', TRUE),
  ('S1014', 'khernandez', 'khernandez@eagle.usi.edu', 'sha256$18fc2a09f30389a8b74d112a948b7d1b$10c6b6fc3e9d4f9f52dc65ad32005e5500be1f6ea85173f0371e0f0afe029ae7', TRUE),
  ('S1015', 'mlee', 'mlee@eagle.usi.edu', 'sha256$cb75b66fdda81a8d1c42646281b92dc2$e060df0529377989d200cfcf9ca424e5a1acd502525cec422a6e9981ebf4aaf8', TRUE),
  ('S1016', 'rlee', 'rlee@eagle.usi.edu', 'sha256$58c16d233fa69f11fd0717cfec970313$cc4a9013f16725e6956935f04cefb5b2b81ea9b4a2c968ae54c7867f0d8c6206', TRUE),
  ('S1017', 'cjackson', 'cjackson@eagle.usi.edu', 'sha256$96c74e16cc8bf511eaf100e54660e383$cdd933297b5ec840a674b7fbc9ad0b8a4e2f9f94b57de98fcce9f438c52d24d3', TRUE),
  ('S1018', 'dgonzalez', 'dgonzalez@eagle.usi.edu', 'sha256$fb65d2f258544049a3fe76e14e48fb07$91ce485249fdfff81c46f1131f1f419cdb24808b00593bb4912b5f3d1e7e9665', TRUE),
  ('S1019', 'ahernandez', 'ahernandez@eagle.usi.edu', 'sha256$e8dbd67c149407b04c450e473066cbad$da500371a426aee10bf936137be38738976eea3718fbcb2a46707ab086ba1162', TRUE),
  ('S1020', 'alee', 'alee@eagle.usi.edu', 'sha256$1016acc6a2a08b12680e83f3418f64ac$86c9637c3ab44b8657d26100977b4b07ec03b7681e3c3d1ca07fd37576d9698d', TRUE),
  ('S1021', 'amiller', 'amiller@eagle.usi.edu', 'sha256$6586cde7fb080b72e46c54cbe7a24297$0d985a189b869fb769fcd863f29eb73ba7590902b28622708b6ad1b4168fe0c6', TRUE),
  ('S1022', 'qmartinez', 'qmartinez@eagle.usi.edu', 'sha256$f7565744b6a423694984319727ea789b$626ab65616a5ed76e53d0892f4c6e65284a384f2421b917e2cadb9f4c6b54d68', TRUE),
  ('S1023', 'eharris', 'eharris@eagle.usi.edu', 'sha256$a767a09fa0a88961ba2ac15c35adcb32$f59f9274c850b899b0b76c7c2bb115f1f3ac68787ea2467916ccc6f1f0ebeaf5', TRUE),
  ('S1024', 'janderson', 'janderson@eagle.usi.edu', 'sha256$7b0b99ce0dd8783577d57448ca81a991$eaa53513192514d19a697fd97c5f54564810d69868548d3f6c290446787b4bcf', TRUE),
  ('S1025', 'jmartin', 'jmartin@eagle.usi.edu', 'sha256$6fcdb33ad0517bde970856961c469744$ad216d5acb5dd6080b156bead51c2337834292e8840e4dfd1592649e461ecee3', TRUE),
  ('S1026', 'hrodriguez2', 'hrodriguez2@eagle.usi.edu', 'sha256$cb60235fdca1db86f0ce196ebbfcd27e$d5d72a1ca4fcfbcc44feae84c0f3d76b8aead5a0300aabe170df346d71132df6', TRUE),
  ('S1027', 'lclark', 'lclark@eagle.usi.edu', 'sha256$7c25da78bdfc2fdf9a62a6ba6a14d7aa$e7e6b481129278469bf6acbab3f65918ce5fe639b5960e83ce4a0d0a6dd9c339', TRUE),
  ('S1028', 'landerson', 'landerson@eagle.usi.edu', 'sha256$d56f6b627b0486985b0ccdfff1110a7a$4eac8a9dff6cd81bc921d5140c0e798ecf72d04d67cf2d94c9b7b294e9115aa1', TRUE),
  ('S1029', 'rwilson', 'rwilson@eagle.usi.edu', 'sha256$ca8a829b8ccba67184fdc3ac9ae667ba$58521ed87143102c487b36add122a412c6ba7cb37a30c87f62683d35f71dd024', TRUE),
  ('S1030', 'clee', 'clee@eagle.usi.edu', 'sha256$c616c41765804288eb3764eb4509fcbc$7f8f9285b3d0ed8e3c59a3c653aea2217ff8cbb368bca7f91ae2a9af7b248a4d', TRUE),
  ('S1031', 'jramirez', 'jramirez@eagle.usi.edu', 'sha256$cc0c951b35613dc2531a97d0c3fc8321$00e9fe86d8cb43d732c545c2decad5a37e04cabdebe9e0fdda3c45e5d0414a59', TRUE),
  ('S1032', 'rthompson', 'rthompson@eagle.usi.edu', 'sha256$22ad766b982a1187c8a4a38a720983b0$e8e04d5315d43572ffade1c4bb1a644fdc912012cebe3cd827b18582342cb397', TRUE),
  ('S1033', 'athomas', 'athomas@eagle.usi.edu', 'sha256$ac53726612dee8c05b45cead3845ecd9$d41db1f13f2763afa190a7877ae9dc98397fce1065933a820ff156ad165489f1', TRUE),
  ('S1034', 'ctaylor', 'ctaylor@eagle.usi.edu', 'sha256$f81c39dacf8fc08ab6681e7c0b09b04e$d91f570b5686a83d6cd1f8ca4e438b706e16cc960a35a46668b62080875e1a99', TRUE),
  ('S1035', 'rlewis', 'rlewis@eagle.usi.edu', 'sha256$62268d7d8485e915958ae6f01509b990$7830db6b05e81d87826503b457647ab3a6749b7d685c70cf17f6c4328c46cd2b', TRUE),
  ('S1036', 'hmoore', 'hmoore@eagle.usi.edu', 'sha256$40359f30ae5a78cfb2892216b8ea3c1c$ff3a375fe523f4e8fd692c24bebef214aa369870eba44e3357d3211187353d47', TRUE),
  ('S1037', 'omartinez', 'omartinez@eagle.usi.edu', 'sha256$569478a9e862873061b1b29387de873e$a28e6e98f7111f2a5a96df2219932c4a1b5796d7cce81cac1c9ee1cdc00e0769', TRUE),
  ('S1038', 'lrobinson', 'lrobinson@eagle.usi.edu', 'sha256$e6996e609fc4179a471284e9dd5734d3$71b79339f8be460fcdcf20117e7655aeff45e542a5961f59aa4d5db8fe3bbe35', TRUE),
  ('S1039', 'arodriguez', 'arodriguez@eagle.usi.edu', 'sha256$79fb62e6e2efe3b6b0de0d451d2e8a2a$291bed5fea5978311ea3c9cc1edc1cd11a121fa784533712e214787efe1f41ab', TRUE),
  ('S1040', 'bmoore', 'bmoore@eagle.usi.edu', 'sha256$46f0f29d8780f013dea787c99978aaa8$b72cd8a0c23a0124cf6d4491eb4da4aa236563f0029a4163ecacc31a2519fcb6', TRUE),
  ('S1041', 'kthompson', 'kthompson@eagle.usi.edu', 'sha256$e9a3ceb3a3e40ba187b4b190e1661298$4501e758fb5a46d72a7bbc139cefb03f03a2216cba6e1f369d6feb003585f0de', TRUE),
  ('S1042', 'athompson', 'athompson@eagle.usi.edu', 'sha256$f4252827fb80d1353e6e391b604395de$58e179d39935a47766bd67c532845d53cc8740627fc54f45a982d98a901f5f1a', TRUE),
  ('S1043', 'thernandez', 'thernandez@eagle.usi.edu', 'sha256$c28bf63e07a6d3b3d7791506ab3dadcb$ef215f2cb330fd8a1d248d672e0563abccbbc2761a6a1f271b1396df2dad7e6a', TRUE),
  ('S1044', 'lgarcia', 'lgarcia@eagle.usi.edu', 'sha256$a837fecd3f8595f2fc8c68738f2d4046$9d9c212906c234c8a0dbc7840d06c66ad0d29969addc8a901f06b130225bb1e2', TRUE),
  ('S1045', 'clopez', 'clopez@eagle.usi.edu', 'sha256$3c08633a3ff7dd63134d7197dfaf4265$ac59d199bc0cd7ac7fbfab707b1b5ba43c2649bf9faad0e1d25e6acf5914ff02', TRUE),
  ('S1046', 'arobinson', 'arobinson@eagle.usi.edu', 'sha256$b2871007cc74a85265835e25637abe16$0eddebceacb33db94bdacc935b6eb276eea8adb675a412864945647dcd3d9958', TRUE),
  ('S1047', 'clewis', 'clewis@eagle.usi.edu', 'sha256$983020860ffbca4ff3c0131a5ad4b511$e9760ffa4634a665efb8958f0cc1a3558086c67dd51e257ab3e70db3fb41fb3f', TRUE),
  ('S1048', 'mlopez', 'mlopez@eagle.usi.edu', 'sha256$e22a48807c1095c81ac6818479186710$7c1c8c44f62c2c0ba110389d3862d30ea5a6cd38b46387f94ce5c86339aa389f', TRUE),
  ('S1049', 'blopez', 'blopez@eagle.usi.edu', 'sha256$0cadda341fdec9d05a09d6e0c4b5f370$fd4f3309e2ecc236b0c2b3949a71e67fa7379ca282a7f50d402cc533fc48be11', TRUE),
  ('S1050', 'ajohnson', 'ajohnson@eagle.usi.edu', 'sha256$8afe1e4e6f82654a1e066b5ac0b748b7$ca13ee946259fad8107b38bdcd257849cfabbd09a4fd4e97638e76228ba959d6', TRUE);
  
  CREATE TABLE UserRoles (
  user_id Varchar(16) Not null,
  role_id Int not null,
  Primary key (user_id, role_id),
  Foreign key (user_id) References Users(user_id) On delete cascade,
  Foreign key (role_id) References Roles(role_id) On delete restrict
  );
  
INSERT INTO UserRoles (user_id, role_id) 
VALUES
  ('A101', 3),
  ('A102', 3),
  ('A102', 4),
  ('A103', 3),
  ('A103', 4),
  ('A104', 3),
  ('A104', 4),
  ('A105', 3),
  ('A105', 4),
  ('A106', 3),
  ('A107', 3),
  ('A107', 4),
  ('A108', 3),
  ('A109', 3),
  ('A109', 4),
  ('A110', 3),
  ('A111', 3),
  ('A112', 3),
  ('A113', 3),
  ('A113', 4),
  ('A114', 3),
  ('A114', 4),
  ('A115', 3),
  ('A115', 4),
  ('A116', 3),
  ('A117', 3),
  ('A118', 3),
  ('A119', 3),
  ('A120', 3),
  ('A121', 3),
  ('A121', 4),
  ('A122', 3),
  ('A123', 3),
  ('A124', 3),
  ('A125', 3),
  ('F101', 2),
  ('F102', 2),
  ('F102', 4),
  ('F103', 2),
  ('F104', 2),
  ('F104', 4),
  ('F105', 2),
  ('F105', 4),
  ('F106', 2),
  ('F107', 2),
  ('F108', 2),
  ('F109', 2),
  ('F109', 4),
  ('F110', 2),
  ('F110', 4),
  ('F111', 2),
  ('F112', 2),
  ('F113', 2),
  ('F113', 4),
  ('F114', 2),
  ('F115', 2),
  ('F116', 2),
  ('F116', 4),
  ('F117', 2),
  ('F117', 4),
  ('F118', 2),
  ('F119', 2),
  ('F119', 4),
  ('F120', 2),
  ('F120', 4),
  ('F121', 2),
  ('F122', 2),
  ('F122', 4),
  ('F123', 2),
  ('F123', 4),
  ('F124', 2),
  ('F125', 2),
  ('S1001', 1),
  ('S1002', 1),
  ('S1003', 1),
  ('S1004', 1),
  ('S1005', 1),
  ('S1006', 1),
  ('S1007', 1),
  ('S1008', 1),
  ('S1009', 1),
  ('S1010', 1),
  ('S1011', 1),
  ('S1012', 1),
  ('S1013', 1),
  ('S1014', 1),
  ('S1015', 1),
  ('S1016', 1),
  ('S1017', 1),
  ('S1018', 1),
  ('S1019', 1),
  ('S1020', 1),
  ('S1021', 1),
  ('S1022', 1),
  ('S1023', 1),
  ('S1024', 1),
  ('S1025', 1),
  ('S1026', 1),
  ('S1027', 1),
  ('S1028', 1),
  ('S1029', 1),
  ('S1030', 1),
  ('S1031', 1),
  ('S1032', 1),
  ('S1033', 1),
  ('S1034', 1),
  ('S1035', 1),
  ('S1036', 1),
  ('S1037', 1),
  ('S1038', 1),
  ('S1039', 1),
  ('S1040', 1),
  ('S1041', 1),
  ('S1042', 1),
  ('S1043', 1),
  ('S1044', 1),
  ('S1045', 1),
  ('S1046', 1),
  ('S1047', 1),
  ('S1048', 1),
  ('S1049', 1),
  ('S1050', 1);

Create Table Student_Alumni (
	user_id varchar(16) primary key,
    graduation_year int not null,
    major_id int not null,
    Constraint fk_sa_user  Foreign key (user_id) References Users(user_id) On delete cascade,
	Constraint fk_sa_major Foreign key (major_id) References Majors(major_id) On delete restrict
    );
INSERT INTO Student_Alumni (user_id, graduation_year, major_id) 
VALUES
  ('A101', 2015, 6),
  ('A102', 2023, 8),
  ('A103', 2017, 9),
  ('A104', 2018, 19),
  ('A105', 2014, 7),
  ('A106', 2012, 3),
  ('A107', 2016, 5),
  ('A108', 2016, 11),
  ('A109', 2016, 12),
  ('A110', 2015, 1),
  ('A111', 2013, 11),
  ('A112', 2017, 13),
  ('A113', 2013, 3),
  ('A114', 2010, 1),
  ('A115', 2010, 15),
  ('A116', 2010, 6),
  ('A117', 2016, 4),
  ('A118', 2020, 20),
  ('A119', 2012, 13),
  ('A120', 2017, 14),
  ('A121', 2022, 10),
  ('A122', 2021, 12),
  ('A123', 2022, 2),
  ('A124', 2013, 13),
  ('A125', 2017, 11),
  ('S1001', 2029, 20),
  ('S1002', 2028, 7),
  ('S1003', 2025, 7),
  ('S1004', 2025, 4),
  ('S1005', 2026, 15),
  ('S1006', 2026, 10),
  ('S1007', 2028, 20),
  ('S1008', 2026, 2),
  ('S1009', 2026, 17),
  ('S1010', 2030, 11),
  ('S1011', 2029, 20),
  ('S1012', 2028, 8),
  ('S1013', 2030, 18),
  ('S1014', 2028, 3),
  ('S1015', 2025, 16),
  ('S1016', 2030, 19),
  ('S1017', 2025, 5),
  ('S1018', 2029, 8),
  ('S1019', 2025, 1),
  ('S1020', 2029, 16),
  ('S1021', 2028, 5),
  ('S1022', 2025, 12),
  ('S1023', 2029, 4),
  ('S1024', 2027, 4),
  ('S1025', 2026, 3),
  ('S1026', 2029, 8),
  ('S1027', 2026, 15),
  ('S1028', 2028, 2),
  ('S1029', 2026, 10),
  ('S1030', 2028, 6),
  ('S1031', 2027, 7),
  ('S1032', 2025, 6),
  ('S1033', 2025, 1),
  ('S1034', 2029, 6),
  ('S1035', 2025, 11),
  ('S1036', 2029, 20),
  ('S1037', 2030, 9),
  ('S1038', 2027, 11),
  ('S1039', 2026, 9),
  ('S1040', 2029, 11),
  ('S1041', 2028, 1),
  ('S1042', 2026, 6),
  ('S1043', 2028, 12),
  ('S1044', 2027, 8),
  ('S1045', 2028, 11),
  ('S1046', 2030, 2),
  ('S1047', 2028, 14),
  ('S1048', 2029, 10),
  ('S1049', 2030, 6),
  ('S1050', 2026, 12);

Create Table Faculty (
	user_id varchar(16) primary key,
    department_id int not null,
	Constraint fk_fac_user  Foreign key (user_id) References Users(user_id) On delete cascade,
	Constraint fk_fac_dept  Foreign key (department_id) References Departments(department_id) On delete restrict
    );
    
INSERT INTO Faculty (user_id, department_id) 
VALUES
  ('F101', 13),
  ('F102', 6),
  ('F103', 7),
  ('F104', 1),
  ('F105', 13),
  ('F106', 1),
  ('F107', 6),
  ('F108', 13),
  ('F109', 8),
  ('F110', 12),
  ('F111', 2),
  ('F112', 7),
  ('F113', 2),
  ('F114', 14),
  ('F115', 4),
  ('F116', 11),
  ('F117', 3),
  ('F118', 10),
  ('F119', 2),
  ('F120', 10),
  ('F121', 8),
  ('F122', 13),
  ('F123', 5),
  ('F124', 9),
  ('F125', 12);

CREATE TABLE Posts (
  post_id Int Auto_Increment Primary Key,
  user_id Varchar(16) Not null,
  post_content Text Not Null,
  post_created_at Timestamp Not Null Default Current_Timestamp,
  Constraint fk_posts_user Foreign Key (user_id)
    References Users(user_id)
    On Delete Cascade
    );
    
INSERT INTO Posts (post_id, user_id, post_content, post_created_at) 
VALUES
  (1, 'S1001', 'Open to internship opportunities.', '2023-08-11 03:28:45'),
  (2, 'S1002', 'Looking for research opportunities.', '2022-02-27 13:35:07'),
  (3, 'S1003', 'Looking for research opportunities.', '2023-03-12 22:55:23'),
  (4, 'S1004', 'Go Eagles!', '2025-03-27 22:49:49'),
  (5, 'S1005', 'Looking for a mentor in my field.', '2024-01-13 01:34:19'),
  (6, 'S1006', 'Seeking study group.', '2022-03-27 05:22:16'),
  (7, 'S1007', 'Exploring career paths.', '2023-12-04 08:35:28'),
  (8, 'S1008', 'Excited to connect!', '2024-09-13 23:10:26'),
  (9, 'S1009', 'Working on a capstone project.', '2024-12-05 20:08:36'),
  (10, 'S1010', 'Excited to connect!', '2021-11-01 03:58:21'),
  (11, 'S1011', 'Looking for research opportunities.', '2025-06-18 22:41:46'),
  (12, 'S1012', 'Looking for research opportunities.', '2023-03-20 05:34:52'),
  (13, 'S1013', 'Seeking study group.', '2025-01-23 14:02:39'),
  (14, 'S1014', 'Excited to connect!', '2025-06-18 15:00:44'),
  (15, 'S1015', 'Open to internship opportunities.', '2024-05-31 04:27:18'),
  (16, 'S1016', 'Working on a capstone project.', '2024-07-05 11:42:36'),
  (17, 'S1017', 'Looking for research opportunities.', '2022-02-17 07:47:30'),
  (18, 'S1018', 'Looking for a mentor in my field.', '2022-04-07 21:42:54'),
  (19, 'S1019', 'Open to internship opportunities.', '2023-07-25 03:48:00'),
  (20, 'S1020', 'Exploring career paths.', '2023-09-13 18:51:12'),
  (21, 'S1021', 'Excited to connect!', '2025-03-31 22:37:01'),
  (22, 'S1022', 'Looking for a mentor in my field.', '2022-11-06 15:04:50'),
  (23, 'S1023', 'Working on a capstone project.', '2022-01-18 10:11:24'),
  (24, 'S1024', 'Looking for research opportunities.', '2022-06-01 06:26:11'),
  (25, 'S1025', 'Working on a capstone project.', '2021-10-07 08:32:52'),
  (26, 'S1026', 'Open to internship opportunities.', '2024-12-20 10:06:43'),
  (27, 'S1027', 'Working on a capstone project.', '2025-03-11 04:32:06'),
  (28, 'S1028', 'Looking for research opportunities.', '2023-09-15 16:53:48'),
  (29, 'S1029', 'Excited to connect!', '2023-10-15 17:26:23'),
  (30, 'S1030', 'Working on a capstone project.', '2024-12-20 19:32:12'),
  (31, 'S1031', 'Looking for research opportunities.', '2024-01-01 10:40:39'),
  (32, 'S1032', 'Looking for research opportunities.', '2023-10-15 14:48:42'),
  (33, 'S1033', 'Open to internship opportunities.', '2024-12-18 19:50:36'),
  (34, 'S1034', 'Go Eagles!', '2022-04-05 03:05:44'),
  (35, 'S1035', 'Looking for a mentor in my field.', '2024-02-27 19:43:57'),
  (36, 'S1036', 'Go Eagles!', '2024-07-24 00:21:06'),
  (37, 'S1037', 'Excited to connect!', '2025-04-24 23:58:05'),
  (38, 'S1038', 'Looking for a mentor in my field.', '2025-04-21 18:35:41'),
  (39, 'S1039', 'Looking for a mentor in my field.', '2023-05-04 04:33:21'),
  (40, 'S1040', 'Looking for a mentor in my field.', '2022-06-03 20:06:30'),
  (41, 'S1041', 'Looking for a mentor in my field.', '2022-01-09 12:48:26'),
  (42, 'S1042', 'Looking for a mentor in my field.', '2025-01-01 09:25:01'),
  (43, 'S1043', 'Open to internship opportunities.', '2022-11-28 22:33:46'),
  (44, 'S1044', 'Excited to connect!', '2025-08-23 10:17:55'),
  (45, 'S1045', 'Go Eagles!', '2024-06-15 07:29:09'),
  (46, 'S1046', 'Looking for research opportunities.', '2022-10-27 17:31:49'),
  (47, 'S1047', 'Go Eagles!', '2024-01-03 20:31:48'),
  (48, 'S1048', 'Go Eagles!', '2023-06-01 18:19:55'),
  (49, 'S1049', 'Looking for research opportunities.', '2022-09-28 10:31:51'),
  (50, 'S1050', 'Looking for a mentor in my field.', '2025-03-27 22:03:26'),
  (51, 'F101', 'Open to career chats.', '2023-12-12 04:53:43'),
  (52, 'F102', 'Welcome to the department!', '2024-10-16 02:50:03'),
  (53, 'F103', 'Open to career chats.', '2024-10-30 08:07:34'),
  (54, 'F104', 'Office hours posted.', '2021-12-01 08:19:19'),
  (55, 'F105', 'Happy to mentor students.', '2025-01-12 18:46:01'),
  (56, 'F106', 'Happy to mentor students.', '2025-04-17 18:24:31'),
  (57, 'F107', 'Advising capstone teams.', '2025-06-06 13:05:10'),
  (58, 'F108', 'Happy to mentor students.', '2023-03-19 13:47:27'),
  (59, 'F109', 'Open to career chats.', '2023-05-13 11:56:25'),
  (60, 'F110', 'Office hours posted.', '2022-07-17 00:54:39'),
  (61, 'F111', 'Advising capstone teams.', '2022-09-29 06:11:19'),
  (62, 'F112', 'Welcome to the department!', '2024-06-24 22:14:31'),
  (63, 'F113', 'Advising capstone teams.', '2021-10-14 06:23:53'),
  (64, 'F114', 'Advising capstone teams.', '2025-05-25 10:43:58'),
  (65, 'F115', 'Happy to mentor students.', '2023-11-25 17:02:02'),
  (66, 'F116', 'Happy to mentor students.', '2023-06-29 21:51:58'),
  (67, 'F117', 'Open to career chats.', '2021-09-29 22:44:29'),
  (68, 'F118', 'Welcome to the department!', '2025-09-13 22:20:46'),
  (69, 'F119', 'Open to career chats.', '2024-12-03 07:08:42'),
  (70, 'F120', 'Happy to mentor students.', '2023-10-31 02:56:28'),
  (71, 'F121', 'Welcome to the department!', '2023-05-12 13:08:46'),
  (72, 'F122', 'Welcome to the department!', '2024-06-13 13:16:49'),
  (73, 'F123', 'Happy to mentor students.', '2025-04-16 23:17:06'),
  (74, 'F124', 'Researching collaborative projects.', '2023-11-09 11:43:07'),
  (75, 'F125', 'Welcome to the department!', '2022-07-04 23:11:23'),
  (76, 'A101', 'Happy to give career advice.', '2024-10-02 19:58:00'),
  (77, 'A102', 'Proud USI graduate!', '2024-09-04 05:41:38'),
  (78, 'A103', 'Excited to connect with current students.', '2021-12-21 15:40:53'),
  (79, 'A104', 'Exploring networking opportunities.', '2021-11-10 01:54:52'),
  (80, 'A105', 'Excited to connect with current students.', '2022-03-27 13:50:02'),
  (81, 'A106', 'Happy to give career advice.', '2022-05-18 09:48:47'),
  (82, 'A107', 'Exploring networking opportunities.', '2022-03-20 21:48:34'),
  (83, 'A108', 'Exploring networking opportunities.', '2025-02-23 08:47:10'),
  (84, 'A109', 'Excited to connect with current students.', '2022-04-20 04:34:34'),
  (85, 'A110', 'Proud USI graduate!', '2023-12-21 08:59:43'),
  (86, 'A111', 'Looking to hire interns.', '2024-08-29 03:07:12'),
  (87, 'A112', 'Exploring networking opportunities.', '2024-12-14 00:06:49'),
  (88, 'A113', 'Proud USI graduate!', '2023-02-10 00:48:41'),
  (89, 'A114', 'Available for mentorship.', '2024-10-18 09:47:05'),
  (90, 'A115', 'Available for mentorship.', '2024-07-21 09:24:19'),
  (91, 'A116', 'Happy to give career advice.', '2023-12-31 19:48:03'),
  (92, 'A117', 'Available for mentorship.', '2025-09-02 00:34:43'),
  (93, 'A118', 'Available for mentorship.', '2024-02-28 09:41:39'),
  (94, 'A119', 'Available for mentorship.', '2021-11-23 14:06:28'),
  (95, 'A120', 'Available for mentorship.', '2023-10-16 11:06:23'),
  (96, 'A121', 'Excited to connect with current students.', '2024-09-12 08:30:22'),
  (97, 'A122', 'Looking to hire interns.', '2024-06-19 06:16:01'),
  (98, 'A123', 'Excited to connect with current students.', '2022-06-16 20:36:18'),
  (99, 'A124', 'Proud USI graduate!', '2024-08-03 06:43:34'),
  (100, 'A125', 'Proud USI graduate!', '2025-05-22 19:01:51');

CREATE TABLE Connections (
  connection_id Int Auto_Increment Primary Key,
  user_id_from Varchar(16) Not Null,
  user_id_to   Varchar(16) Not Null,
  connection_type Varchar(50) Not Null,
  status Varchar(20) Not Null Default 'pending',
  created_at Timestamp Not Null Default Current_Timestamp,
  Constraint fk_connections_from Foreign key (user_id_from)
    References Users(user_id) On Delete Cascade,
  Constraint fk_connections_to Foreign Key (user_id_to)
    References Users(user_id) On Delete Cascade
    );
    
INSERT INTO Connections (connection_id, user_id_from, user_id_to, connection_type, status, created_at) 
VALUES
  (1, 'S1001', 'F105', 'mentorship', 'pending', '2024-07-09 05:14:13'),
  (2, 'S1001', 'F113', 'mentorship', 'accepted', '2024-07-09 05:14:13'),
  (3, 'S1002', 'F119', 'mentorship', 'pending', '2022-11-13 21:24:07'),
  (4, 'S1002', 'F102', 'mentorship', 'accepted', '2022-11-13 21:24:07'),
  (5, 'S1003', 'F108', 'mentorship', 'accepted', '2023-04-28 18:59:09'),
  (6, 'S1004', 'F108', 'mentorship', 'accepted', '2026-02-13 21:40:27'),
  (7, 'S1005', 'F119', 'mentorship', 'pending', '2024-11-07 16:00:52'),
  (8, 'S1006', 'F102', 'mentorship', 'pending', '2023-01-06 10:13:11'),
  (9, 'S1007', 'F118', 'mentorship', 'pending', '2024-02-03 05:22:38'),
  (10, 'S1008', 'F104', 'mentorship', 'accepted', '2025-07-08 19:58:14'),
  (11, 'S1009', 'F104', 'mentorship', 'accepted', '2025-12-04 22:25:45'),
  (12, 'S1009', 'F118', 'mentorship', 'accepted', '2025-12-04 22:25:45'),
  (13, 'S1010', 'F122', 'mentorship', 'accepted', '2022-06-07 15:24:36'),
  (14, 'S1010', 'F118', 'mentorship', 'accepted', '2022-06-07 15:24:36'),
  (15, 'S1011', 'F110', 'mentorship', 'pending', '2025-09-19 07:35:00'),
  (16, 'S1011', 'F108', 'mentorship', 'pending', '2025-09-19 07:35:00'),
  (17, 'S1012', 'F111', 'mentorship', 'accepted', '2023-11-04 16:03:52'),
  (18, 'S1012', 'F124', 'mentorship', 'pending', '2023-11-04 16:03:52'),
  (19, 'S1013', 'F106', 'mentorship', 'accepted', '2025-07-17 19:34:39'),
  (20, 'S1013', 'F125', 'mentorship', 'accepted', '2025-07-17 19:34:39'),
  (21, 'S1014', 'F125', 'mentorship', 'accepted', '2026-03-31 11:52:31'),
  (22, 'S1015', 'F111', 'mentorship', 'accepted', '2024-11-27 02:05:43'),
  (23, 'S1015', 'F123', 'mentorship', 'accepted', '2024-11-27 02:05:43'),
  (24, 'S1016', 'F103', 'mentorship', 'accepted', '2024-11-21 04:58:17'),
  (25, 'S1017', 'F102', 'mentorship', 'accepted', '2023-02-11 19:03:50'),
  (26, 'S1018', 'F110', 'mentorship', 'pending', '2022-10-22 10:20:56'),
  (27, 'S1018', 'F123', 'mentorship', 'accepted', '2022-10-22 10:20:56'),
  (28, 'S1019', 'F120', 'mentorship', 'pending', '2023-09-22 21:46:29'),
  (29, 'S1020', 'F105', 'mentorship', 'pending', '2024-01-18 09:20:25'),
  (30, 'S1020', 'F124', 'mentorship', 'accepted', '2024-01-18 09:20:25'),
  (31, 'S1021', 'F106', 'mentorship', 'accepted', '2025-11-16 13:14:25'),
  (32, 'S1022', 'F114', 'mentorship', 'accepted', '2023-08-15 01:13:03'),
  (33, 'S1023', 'F122', 'mentorship', 'pending', '2022-05-16 15:41:05'),
  (34, 'S1023', 'F113', 'mentorship', 'pending', '2022-05-16 15:41:05'),
  (35, 'S1024', 'F101', 'mentorship', 'pending', '2023-02-05 03:53:08'),
  (36, 'S1025', 'F101', 'mentorship', 'pending', '2022-05-10 04:00:41'),
  (37, 'S1025', 'F105', 'mentorship', 'accepted', '2022-05-10 04:00:41'),
  (38, 'S1026', 'F123', 'mentorship', 'accepted', '2025-09-10 08:35:52'),
  (39, 'S1027', 'F115', 'mentorship', 'pending', '2026-02-23 00:53:50'),
  (40, 'S1028', 'F113', 'mentorship', 'accepted', '2024-05-19 15:59:25'),
  (41, 'S1028', 'F104', 'mentorship', 'pending', '2024-05-19 15:59:25'),
  (42, 'S1029', 'F115', 'mentorship', 'pending', '2024-01-06 21:26:31'),
  (43, 'S1030', 'F104', 'mentorship', 'pending', '2024-12-21 16:10:21'),
  (44, 'S1031', 'F112', 'mentorship', 'pending', '2024-11-10 11:36:21'),
  (45, 'S1032', 'F120', 'mentorship', 'accepted', '2024-04-24 20:13:12'),
  (46, 'S1033', 'F120', 'mentorship', 'pending', '2025-08-18 00:18:57'),
  (47, 'S1033', 'F112', 'mentorship', 'accepted', '2025-08-18 00:18:57'),
  (48, 'S1034', 'F116', 'mentorship', 'pending', '2022-05-18 08:20:33'),
  (49, 'S1034', 'F110', 'mentorship', 'pending', '2022-05-18 08:20:33'),
  (50, 'S1035', 'F116', 'mentorship', 'pending', '2024-05-20 14:31:53'),
  (51, 'S1035', 'F123', 'mentorship', 'accepted', '2024-05-20 14:31:53'),
  (52, 'S1036', 'F105', 'mentorship', 'accepted', '2025-04-28 01:20:10'),
  (53, 'S1036', 'F123', 'mentorship', 'pending', '2025-04-28 01:20:10'),
  (54, 'S1037', 'F123', 'mentorship', 'pending', '2025-09-05 18:50:32'),
  (55, 'S1038', 'F112', 'mentorship', 'accepted', '2025-08-14 13:59:08'),
  (56, 'S1039', 'F121', 'mentorship', 'accepted', '2024-03-12 11:39:39'),
  (57, 'S1039', 'F108', 'mentorship', 'accepted', '2024-03-12 11:39:39'),
  (58, 'S1040', 'F107', 'mentorship', 'pending', '2023-02-24 14:02:59'),
  (59, 'S1041', 'F101', 'mentorship', 'pending', '2022-06-02 06:00:03'),
  (60, 'S1042', 'F115', 'mentorship', 'pending', '2025-06-28 22:41:34'),
  (61, 'S1042', 'F124', 'mentorship', 'pending', '2025-06-28 22:41:34'),
  (62, 'S1043', 'F107', 'mentorship', 'accepted', '2023-03-13 16:08:08'),
  (63, 'S1043', 'F111', 'mentorship', 'accepted', '2023-03-13 16:08:08'),
  (64, 'S1044', 'F116', 'mentorship', 'accepted', '2026-07-23 22:49:24'),
  (65, 'S1045', 'F122', 'mentorship', 'accepted', '2024-08-15 21:37:55'),
  (66, 'S1046', 'F116', 'mentorship', 'accepted', '2023-01-27 09:19:44'),
  (67, 'S1047', 'F103', 'mentorship', 'accepted', '2024-07-24 13:23:35'),
  (68, 'S1047', 'F124', 'mentorship', 'accepted', '2024-07-24 13:23:35'),
  (69, 'S1048', 'F106', 'mentorship', 'pending', '2023-08-05 19:20:05'),
  (70, 'S1049', 'F121', 'mentorship', 'accepted', '2023-08-08 08:13:32'),
  (71, 'S1049', 'F105', 'mentorship', 'accepted', '2023-08-08 08:13:32'),
  (72, 'S1050', 'F105', 'mentorship', 'pending', '2026-01-02 02:49:34'),
  (73, 'S1050', 'F118', 'mentorship', 'accepted', '2026-01-02 02:49:34'),
  (74, 'S1002', 'A124', 'mentorship', 'accepted', '2022-05-10 05:22:47'),
  (75, 'S1003', 'A107', 'mentorship', 'pending', '2023-03-27 08:05:31'),
  (76, 'S1004', 'A125', 'mentorship', 'pending', '2026-01-22 10:41:57'),
  (77, 'S1005', 'A105', 'mentorship', 'accepted', '2024-02-13 14:27:10'),
  (78, 'S1006', 'A117', 'mentorship', 'pending', '2022-10-28 23:38:08'),
  (79, 'S1007', 'A117', 'mentorship', 'accepted', '2023-12-14 00:36:56'),
  (80, 'S1008', 'A125', 'mentorship', 'pending', '2024-11-29 05:26:55'),
  (81, 'S1009', 'A104', 'mentorship', 'pending', '2025-09-15 22:23:30'),
  (82, 'S1010', 'A118', 'mentorship', 'accepted', '2022-07-06 07:50:08'),
  (83, 'S1011', 'A107', 'mentorship', 'accepted', '2025-11-07 00:13:57'),
  (84, 'S1012', 'A118', 'mentorship', 'pending', '2023-04-03 07:53:17'),
  (85, 'S1013', 'A117', 'mentorship', 'pending', '2025-11-30 08:41:29'),
  (86, 'S1014', 'A117', 'mentorship', 'accepted', '2026-03-19 08:25:01'),
  (87, 'S1015', 'A117', 'mentorship', 'accepted', '2024-10-11 00:49:34'),
  (88, 'S1016', 'A115', 'mentorship', 'pending', '2024-09-14 02:52:45'),
  (89, 'S1017', 'A103', 'mentorship', 'pending', '2023-01-26 16:33:11'),
  (90, 'S1018', 'A110', 'mentorship', 'accepted', '2022-06-09 03:20:17'),
  (91, 'S1019', 'A112', 'mentorship', 'accepted', '2023-10-06 13:00:55'),
  (92, 'S1021', 'A104', 'mentorship', 'pending', '2025-10-21 16:21:27'),
  (93, 'S1022', 'A108', 'mentorship', 'accepted', '2023-01-28 06:47:30'),
  (94, 'S1023', 'A114', 'mentorship', 'pending', '2022-04-28 23:10:26'),
  (95, 'S1025', 'A118', 'mentorship', 'accepted', '2022-05-30 00:35:03'),
  (96, 'S1026', 'A117', 'mentorship', 'accepted', '2025-11-04 20:52:08'),
  (97, 'S1027', 'A108', 'mentorship', 'pending', '2025-05-03 07:35:44'),
  (98, 'S1028', 'A125', 'mentorship', 'accepted', '2023-12-17 02:44:35'),
  (99, 'S1031', 'A109', 'mentorship', 'accepted', '2024-07-26 16:06:56'),
  (100, 'S1032', 'A116', 'mentorship', 'pending', '2024-10-08 02:43:08'),
  (101, 'S1033', 'A123', 'mentorship', 'accepted', '2025-03-22 11:19:43'),
  (102, 'S1034', 'A101', 'mentorship', 'accepted', '2023-02-23 06:19:12'),
  (103, 'S1035', 'A108', 'mentorship', 'accepted', '2024-04-02 05:21:39'),
  (104, 'S1036', 'A111', 'mentorship', 'accepted', '2025-05-03 15:33:42'),
  (105, 'S1037', 'A105', 'mentorship', 'accepted', '2025-05-17 19:09:08'),
  (106, 'S1040', 'A106', 'mentorship', 'accepted', '2022-09-15 07:28:03'),
  (107, 'S1041', 'A107', 'mentorship', 'accepted', '2022-06-07 05:02:03'),
  (108, 'S1042', 'A112', 'mentorship', 'pending', '2025-01-10 18:32:07'),
  (109, 'S1043', 'A117', 'mentorship', 'accepted', '2023-09-07 05:27:38'),
  (110, 'S1044', 'A115', 'mentorship', 'accepted', '2025-10-17 10:16:02'),
  (111, 'S1045', 'A116', 'mentorship', 'accepted', '2025-03-21 21:47:51'),
  (112, 'S1046', 'A107', 'mentorship', 'pending', '2023-02-22 06:00:27'),
  (113, 'S1049', 'A112', 'mentorship', 'pending', '2022-10-25 15:15:26'),
  (114, 'S1050', 'A109', 'mentorship', 'pending', '2025-11-03 04:00:03'),
  (115, 'F122', 'S1018', 'faculty_advisor', 'accepted', '2024-10-26 02:32:17'),
  (116, 'F122', 'S1029', 'faculty_advisor', 'accepted', '2024-11-29 09:11:55'),
  (117, 'F122', 'S1001', 'faculty_advisor', 'accepted', '2024-11-25 22:10:49'),
  (118, 'F113', 'S1003', 'faculty_advisor', 'accepted', '2022-04-14 13:03:33'),
  (119, 'F113', 'S1020', 'faculty_advisor', 'accepted', '2021-10-14 18:36:25'),
  (120, 'F113', 'S1014', 'faculty_advisor', 'accepted', '2022-04-27 09:27:08'),
  (121, 'F117', 'S1031', 'faculty_advisor', 'accepted', '2022-08-31 06:03:31'),
  (122, 'F117', 'S1018', 'faculty_advisor', 'accepted', '2022-02-04 17:07:05'),
  (123, 'F117', 'S1033', 'faculty_advisor', 'accepted', '2021-10-02 02:02:57'),
  (124, 'F125', 'S1017', 'faculty_advisor', 'accepted', '2023-01-25 20:33:16'),
  (125, 'F125', 'S1006', 'faculty_advisor', 'accepted', '2022-07-26 13:32:02'),
  (126, 'F125', 'S1010', 'faculty_advisor', 'accepted', '2022-07-16 10:05:58'),
  (127, 'F110', 'S1020', 'faculty_advisor', 'accepted', '2022-08-29 22:13:52'),
  (128, 'F110', 'S1041', 'faculty_advisor', 'accepted', '2023-04-13 06:33:48'),
  (129, 'F110', 'S1015', 'faculty_advisor', 'accepted', '2023-06-18 22:37:51'),
  (130, 'F120', 'S1025', 'faculty_advisor', 'accepted', '2024-07-10 08:22:58'),
  (131, 'F120', 'S1049', 'faculty_advisor', 'accepted', '2024-03-25 01:28:03'),
  (132, 'F120', 'S1021', 'faculty_advisor', 'accepted', '2024-09-24 08:12:40'),
  (133, 'F108', 'S1003', 'faculty_advisor', 'accepted', '2024-02-04 05:25:08'),
  (134, 'F108', 'S1046', 'faculty_advisor', 'accepted', '2024-03-12 08:11:49'),
  (135, 'F108', 'S1033', 'faculty_advisor', 'accepted', '2023-05-30 08:51:36'),
  (136, 'F121', 'S1049', 'faculty_advisor', 'accepted', '2023-05-21 10:24:40'),
  (137, 'F121', 'S1033', 'faculty_advisor', 'accepted', '2024-05-11 12:33:10'),
  (138, 'F121', 'S1037', 'faculty_advisor', 'accepted', '2023-09-06 16:14:39'),
  (139, 'F102', 'S1002', 'faculty_advisor', 'accepted', '2025-09-07 15:58:01'),
  (140, 'F102', 'S1003', 'faculty_advisor', 'accepted', '2024-12-08 16:32:47'),
  (141, 'F102', 'S1009', 'faculty_advisor', 'accepted', '2025-06-04 23:10:10'),
  (142, 'F115', 'S1004', 'faculty_advisor', 'accepted', '2024-10-11 12:22:59'),
  (143, 'F115', 'S1041', 'faculty_advisor', 'accepted', '2024-11-08 01:56:16'),
  (144, 'F115', 'S1002', 'faculty_advisor', 'accepted', '2024-08-02 02:38:17'),
  (145, 'F103', 'S1001', 'faculty_advisor', 'accepted', '2025-07-15 03:36:43'),
  (146, 'F103', 'S1030', 'faculty_advisor', 'accepted', '2024-12-17 03:16:36'),
  (147, 'F103', 'S1005', 'faculty_advisor', 'accepted', '2024-12-03 01:22:43'),
  (148, 'F116', 'S1017', 'faculty_advisor', 'accepted', '2023-10-13 06:16:01'),
  (149, 'F116', 'S1005', 'faculty_advisor', 'accepted', '2024-05-27 14:37:35'),
  (150, 'F116', 'S1016', 'faculty_advisor', 'accepted', '2024-03-08 11:47:40'),
  (151, 'S1005', 'S1031', 'classmate', 'accepted', '2024-12-28 12:01:58'),
  (152, 'S1050', 'S1003', 'classmate', 'accepted', '2026-02-06 21:05:47'),
  (153, 'S1042', 'S1013', 'classmate', 'accepted', '2025-02-10 07:15:05'),
  (154, 'S1010', 'S1022', 'classmate', 'accepted', '2022-03-12 03:41:38'),
  (155, 'S1048', 'S1045', 'classmate', 'accepted', '2023-11-04 16:56:50'),
  (156, 'S1037', 'S1009', 'classmate', 'accepted', '2025-05-01 17:31:56'),
  (157, 'S1004', 'S1032', 'classmate', 'accepted', '2025-08-12 02:27:13'),
  (158, 'S1045', 'S1014', 'classmate', 'accepted', '2025-05-27 01:18:43'),
  (159, 'S1019', 'S1046', 'classmate', 'accepted', '2024-04-14 14:11:46'),
  (160, 'S1030', 'S1050', 'classmate', 'accepted', '2025-02-19 15:31:40'),
  (161, 'S1013', 'S1020', 'classmate', 'accepted', '2025-03-08 07:15:48'),
  (162, 'S1002', 'S1019', 'classmate', 'accepted', '2022-10-19 16:22:09'),
  (163, 'S1033', 'S1029', 'classmate', 'accepted', '2025-05-05 09:55:40'),
  (164, 'S1014', 'S1005', 'classmate', 'accepted', '2026-04-11 18:18:00'),
  (165, 'S1010', 'S1048', 'classmate', 'accepted', '2022-07-27 13:30:16'),
  (166, 'S1024', 'S1009', 'classmate', 'accepted', '2023-04-06 05:26:05'),
  (167, 'S1033', 'S1018', 'classmate', 'accepted', '2025-02-14 09:08:21'),
  (168, 'S1015', 'S1032', 'classmate', 'accepted', '2025-02-03 18:48:10'),
  (169, 'S1002', 'S1011', 'classmate', 'accepted', '2022-03-01 07:29:14'),
  (170, 'S1044', 'S1029', 'classmate', 'accepted', '2026-03-18 21:17:32'),
  (171, 'S1047', 'S1010', 'classmate', 'accepted', '2024-08-04 09:03:11'),
  (172, 'S1025', 'S1021', 'classmate', 'accepted', '2021-12-07 20:36:39'),
  (173, 'S1001', 'S1021', 'classmate', 'accepted', '2024-01-31 17:58:45'),
  (174, 'S1008', 'S1013', 'classmate', 'accepted', '2025-09-13 23:36:02'),
  (175, 'S1048', 'S1019', 'classmate', 'accepted', '2023-10-09 07:53:02'),
  (176, 'S1005', 'S1026', 'classmate', 'accepted', '2024-07-30 23:01:23'),
  (177, 'S1005', 'S1024', 'classmate', 'accepted', '2024-08-19 11:35:24'),
  (178, 'S1004', 'S1018', 'classmate', 'accepted', '2025-05-19 00:42:34'),
  (179, 'S1043', 'S1019', 'classmate', 'accepted', '2023-10-20 03:59:04'),
  (180, 'S1016', 'S1018', 'classmate', 'accepted', '2025-02-14 06:18:48'),
  (181, 'S1021', 'S1013', 'classmate', 'accepted', '2025-10-09 14:11:26'),
  (182, 'S1002', 'S1049', 'classmate', 'accepted', '2023-01-17 04:09:01'),
  (183, 'S1036', 'S1014', 'classmate', 'accepted', '2024-09-03 02:09:10'),
  (184, 'S1047', 'S1027', 'classmate', 'accepted', '2024-08-21 18:55:06'),
  (185, 'S1049', 'S1009', 'classmate', 'accepted', '2023-08-23 20:57:04'),
  (186, 'S1036', 'S1009', 'classmate', 'accepted', '2024-10-19 17:32:36'),
  (187, 'S1027', 'S1022', 'classmate', 'accepted', '2025-08-02 15:22:35'),
  (188, 'S1017', 'S1048', 'classmate', 'accepted', '2023-01-17 17:15:50'),
  (189, 'S1026', 'S1042', 'classmate', 'accepted', '2025-04-21 21:03:54'),
  (190, 'S1031', 'S1036', 'classmate', 'accepted', '2024-12-09 01:02:09'),
  (191, 'S1008', 'S1011', 'classmate', 'accepted', '2025-08-09 05:03:34'),
  (192, 'S1033', 'S1032', 'classmate', 'accepted', '2025-09-26 03:51:15'),
  (193, 'S1029', 'S1022', 'classmate', 'accepted', '2024-06-02 09:00:06'),
  (194, 'S1013', 'S1016', 'classmate', 'accepted', '2025-03-10 20:24:16'),
  (195, 'S1022', 'S1036', 'classmate', 'accepted', '2022-12-23 02:42:19'),
  (196, 'S1016', 'S1024', 'classmate', 'accepted', '2024-11-15 08:26:56'),
  (197, 'S1013', 'S1002', 'classmate', 'accepted', '2025-08-23 03:58:58'),
  (198, 'S1027', 'S1048', 'classmate', 'accepted', '2025-12-04 12:10:51'),
  (199, 'S1025', 'S1018', 'classmate', 'accepted', '2022-03-29 10:48:26'),
  (200, 'S1032', 'S1018', 'classmate', 'accepted', '2024-08-05 03:55:26'),
  (201, 'S1009', 'S1044', 'classmate', 'accepted', '2025-08-20 15:24:42'),
  (202, 'S1041', 'S1014', 'classmate', 'accepted', '2022-02-25 22:40:29'),
  (203, 'S1016', 'S1025', 'classmate', 'accepted', '2025-01-26 11:13:21'),
  (204, 'S1029', 'S1028', 'classmate', 'accepted', '2024-03-22 18:14:01'),
  (205, 'S1009', 'S1003', 'classmate', 'accepted', '2025-07-11 13:22:28'),
  (206, 'S1038', 'S1032', 'classmate', 'accepted', '2025-04-21 21:15:27'),
  (207, 'S1026', 'S1034', 'classmate', 'accepted', '2025-08-17 02:27:27'),
  (208, 'S1016', 'S1007', 'classmate', 'accepted', '2024-10-27 17:19:50'),
  (209, 'S1010', 'S1034', 'classmate', 'accepted', '2022-10-16 07:56:13'),
  (210, 'S1047', 'S1045', 'classmate', 'accepted', '2024-11-30 13:10:50'),
  (211, 'S1006', 'S1036', 'classmate', 'accepted', '2022-04-16 05:25:15'),
  (212, 'S1009', 'S1015', 'classmate', 'accepted', '2025-09-22 21:30:43'),
  (213, 'S1042', 'S1046', 'classmate', 'accepted', '2025-06-05 14:04:33'),
  (214, 'S1041', 'S1017', 'classmate', 'accepted', '2022-10-07 11:58:25'),
  (215, 'S1028', 'S1045', 'classmate', 'accepted', '2023-11-11 20:31:02'),
  (216, 'S1005', 'S1020', 'classmate', 'accepted', '2024-10-07 22:47:39'),
  (217, 'S1013', 'S1025', 'classmate', 'accepted', '2025-06-05 22:11:04'),
  (218, 'S1039', 'S1001', 'classmate', 'accepted', '2023-05-10 00:07:29'),
  (219, 'S1020', 'S1030', 'classmate', 'accepted', '2024-02-03 06:22:17'),
  (220, 'S1042', 'S1016', 'classmate', 'accepted', '2025-09-02 04:34:41'),
  (221, 'S1016', 'S1036', 'classmate', 'accepted', '2024-11-08 12:46:33'),
  (222, 'S1027', 'S1046', 'classmate', 'accepted', '2026-02-06 15:43:37'),
  (223, 'S1004', 'S1002', 'classmate', 'accepted', '2025-07-05 16:58:23'),
  (224, 'S1044', 'S1042', 'classmate', 'accepted', '2026-03-26 13:15:03'),
  (225, 'S1017', 'S1015', 'classmate', 'accepted', '2023-01-24 23:14:26'),
  (226, 'S1024', 'S1015', 'classmate', 'accepted', '2023-02-08 07:40:40'),
  (227, 'S1045', 'S1022', 'classmate', 'accepted', '2025-01-16 20:40:38'),
  (228, 'A122', 'A113', 'alumni_network', 'accepted', '2024-09-28 06:30:46'),
  (229, 'A110', 'A124', 'alumni_network', 'accepted', '2024-09-04 11:27:01'),
  (230, 'A107', 'A116', 'alumni_network', 'accepted', '2022-07-01 09:09:31'),
  (231, 'A125', 'A107', 'alumni_network', 'accepted', '2025-09-18 11:57:54'),
  (232, 'A108', 'A109', 'alumni_network', 'accepted', '2025-07-24 12:45:17'),
  (233, 'A120', 'A116', 'alumni_network', 'accepted', '2024-08-23 17:55:34'),
  (234, 'A108', 'A116', 'alumni_network', 'accepted', '2025-09-24 10:50:24'),
  (235, 'A120', 'A105', 'alumni_network', 'accepted', '2024-05-04 13:05:07'),
  (236, 'A107', 'A101', 'alumni_network', 'accepted', '2023-01-20 02:58:34'),
  (237, 'A114', 'A102', 'alumni_network', 'accepted', '2025-10-16 11:58:27'),
  (238, 'A106', 'A113', 'alumni_network', 'accepted', '2023-01-03 21:15:09'),
  (239, 'A124', 'A104', 'alumni_network', 'accepted', '2024-09-12 12:45:23'),
  (240, 'A111', 'A107', 'alumni_network', 'accepted', '2024-12-02 02:52:32'),
  (241, 'A117', 'A124', 'alumni_network', 'accepted', '2026-04-29 01:44:23'),
  (242, 'A110', 'A122', 'alumni_network', 'accepted', '2024-07-01 22:36:28'),
  (243, 'A111', 'A115', 'alumni_network', 'accepted', '2024-11-23 07:05:13'),
  (244, 'A101', 'A103', 'alumni_network', 'accepted', '2025-02-22 22:54:25'),
  (245, 'A112', 'A114', 'alumni_network', 'accepted', '2025-02-15 20:32:37'),
  (246, 'A113', 'A112', 'alumni_network', 'accepted', '2023-07-18 16:33:22'),
  (247, 'A103', 'A102', 'alumni_network', 'accepted', '2022-12-18 08:55:10'),
  (248, 'A107', 'A112', 'alumni_network', 'accepted', '2022-12-23 14:03:37'),
  (249, 'A112', 'A124', 'alumni_network', 'accepted', '2025-08-13 01:12:58'),
  (250, 'A121', 'A114', 'alumni_network', 'accepted', '2025-01-17 07:16:35'),
  (251, 'A125', 'A113', 'alumni_network', 'accepted', '2025-06-12 08:42:17'),
  (252, 'A102', 'A115', 'alumni_network', 'accepted', '2024-10-06 07:57:04'),
  (253, 'A109', 'A107', 'alumni_network', 'accepted', '2022-05-23 02:37:33'),
  (254, 'A111', 'A112', 'alumni_network', 'accepted', '2025-01-15 15:18:57'),
  (255, 'A120', 'A102', 'alumni_network', 'accepted', '2024-02-27 22:37:45');
  


